id,genre
1,drama
8,drama
13,drama
24,drama
38,drama
40,drama
53,drama
55,drama
65,drama
66,drama
69,drama
74,drama
80,drama
82,drama
87,drama
100,drama
101,drama
106,drama
107,drama
112,drama
125,drama
126,drama
127,drama
147,drama
149,drama
151,drama
159,drama
160,drama
168,drama
184,drama
186,drama
194,drama
195,drama
196,drama
201,drama
202,drama
203,drama
204,drama
205,drama
211,drama
212,drama
214,drama
215,drama
217,drama
220,drama
221,drama
222,drama
223,drama
233,drama
235,drama
238,drama
240,drama
249,drama
253,drama
270,drama
271,drama
272,drama
273,drama
282,drama
283,drama
289,drama
298,drama
302,drama
314,drama
316,drama
319,drama
336,drama
340,drama
341,drama
342,drama
347,drama
348,drama
350,drama
351,drama
352,drama
354,drama
368,drama
373,drama
376,drama
380,drama
383,drama
388,drama
390,drama
391,drama
395,drama
402,drama
407,drama
408,drama
419,drama
421,drama
424,drama
431,drama
436,drama
445,drama
453,drama
458,drama
460,drama
461,drama
468,drama
469,drama
472,drama
480,drama
484,drama
491,drama
492,drama
496,drama
501,drama
502,drama
504,drama
511,drama
515,drama
520,drama
526,drama
530,drama
532,drama
534,drama
536,drama
537,drama
538,drama
550,drama
551,drama
560,drama
575,drama
576,drama
584,drama
587,drama
594,drama
597,drama
606,drama
609,drama
612,drama
618,drama
620,drama
622,drama
632,drama
633,drama
634,drama
635,drama
644,drama
647,drama
648,drama
652,drama
654,drama
660,drama
662,drama
663,drama
666,drama
667,drama
676,drama
689,drama
693,drama
703,drama
707,drama
710,drama
721,drama
733,drama
735,drama
747,drama
748,drama
751,drama
756,drama
759,drama
760,drama
766,drama
769,drama
793,drama
804,drama
809,drama
835,drama
851,drama
857,drama
866,drama
867,drama
872,drama
879,drama
887,drama
890,drama
897,drama
903,drama
916,drama
920,drama
923,drama
924,drama
927,drama
929,drama
931,drama
934,drama
935,drama
945,drama
953,drama
960,drama
963,drama
966,drama
969,drama
972,drama
974,drama
980,drama
998,drama
1001,drama
1002,drama
1013,drama
1018,drama
1026,drama
1028,drama
1038,drama
1042,drama
1043,drama
1045,drama
1059,drama
1068,drama
1070,drama
1083,drama
1084,drama
1085,drama
1089,drama
1097,drama
1104,drama
1112,drama
1117,drama
1121,drama
1128,drama
1139,drama
1140,drama
1142,drama
1145,drama
1151,drama
1152,drama
1153,drama
1158,drama
1159,drama
1173,drama
1177,drama
1182,drama
1186,drama
1192,drama
1199,drama
1200,drama
1205,drama
1217,drama
1218,drama
1223,drama
1236,drama
1252,drama
1254,drama
1258,drama
1261,drama
1263,drama
1266,drama
1280,drama
1281,drama
1285,drama
1291,drama
1299,drama
1305,drama
1308,drama
1309,drama
1313,drama
1316,drama
1320,drama
1323,drama
1325,drama
1330,drama
1333,drama
1340,drama
1346,drama
1347,drama
1365,drama
1367,drama
1369,drama
1372,drama
1378,drama
1388,drama
1390,drama
1392,drama
1395,drama
1397,drama
1402,drama
1403,drama
1410,drama
1412,drama
1417,drama
1424,drama
1426,drama
1429,drama
1437,drama
1444,drama
1449,drama
1450,drama
1452,drama
1453,drama
1454,drama
1456,drama
1457,drama
1470,drama
1473,drama
1478,drama
1481,drama
1485,drama
1488,drama
1490,drama
1492,drama
1495,drama
1499,drama
1501,drama
1504,drama
1505,drama
1521,drama
1523,drama
1524,drama
1525,drama
1533,drama
1535,drama
1547,drama
1566,drama
1567,drama
1574,drama
1576,drama
1582,drama
1594,drama
1602,drama
1609,drama
1610,drama
1612,drama
1620,drama
1623,drama
1644,drama
1646,drama
1650,drama
1651,drama
1652,drama
1654,drama
1664,drama
1673,drama
1682,drama
1683,drama
1684,drama
1693,drama
1695,drama
1696,drama
1701,drama
1703,drama
1713,drama
1717,drama
1720,drama
1721,drama
1725,drama
1732,drama
1738,drama
1739,drama
1740,drama
1741,drama
1743,drama
1745,drama
1759,drama
1760,drama
1763,drama
1768,drama
1778,drama
1785,drama
1791,drama
1792,drama
1795,drama
1800,drama
1801,drama
1804,drama
1807,drama
1811,drama
1812,drama
1820,drama
1821,drama
1825,drama
1837,drama
1838,drama
1839,drama
1850,drama
1852,drama
1854,drama
1857,drama
1859,drama
1860,drama
1863,drama
1866,drama
1867,drama
1870,drama
1873,drama
1876,drama
1877,drama
1878,drama
1879,drama
1884,drama
1888,drama
1901,drama
1902,drama
1904,drama
1911,drama
1919,drama
1924,drama
1931,drama
1934,drama
1941,drama
1943,drama
1945,drama
1951,drama
1975,drama
1982,drama
1983,drama
1986,drama
1987,drama
1988,drama
1991,drama
1993,drama
1997,drama
2003,drama
2005,drama
2008,drama
2012,drama
2014,drama
2016,drama
2031,drama
2032,drama
2041,drama
2046,drama
2047,drama
2048,drama
2049,drama
2051,drama
2052,drama
2056,drama
2060,drama
2067,drama
2069,drama
2073,drama
2078,drama
2081,drama
2085,drama
2088,drama
2090,drama
2093,drama
2101,drama
2106,drama
2116,drama
2123,drama
2124,drama
2127,drama
2140,drama
2141,drama
2152,drama
2165,drama
2176,drama
2177,drama
2180,drama
2182,drama
2185,drama
2186,drama
2190,drama
2197,drama
2198,drama
2212,drama
2213,drama
2216,drama
2218,drama
2225,drama
2229,drama
2232,drama
2237,drama
2241,drama
2253,drama
2259,drama
2266,drama
2276,drama
2281,drama
2286,drama
2298,drama
2300,drama
2307,drama
2310,drama
2317,drama
2329,drama
2332,drama
2336,drama
2338,drama
2345,drama
2346,drama
2351,drama
2358,drama
2361,drama
2372,drama
2380,drama
2384,drama
2388,drama
2394,drama
2400,drama
2407,drama
2411,drama
2413,drama
2414,drama
2418,drama
2434,drama
2435,drama
2438,drama
2439,drama
2442,drama
2443,drama
2446,drama
2447,drama
2448,drama
2456,drama
2466,drama
2467,drama
2468,drama
2480,drama
2484,drama
2486,drama
2489,drama
2491,drama
2497,drama
2502,drama
2506,drama
2520,drama
2552,drama
2555,drama
2573,drama
2574,drama
2579,drama
2580,drama
2581,drama
2587,drama
2598,drama
2600,drama
2603,drama
2609,drama
2610,drama
2615,drama
2617,drama
2633,drama
2636,drama
2638,drama
2641,drama
2645,drama
2647,drama
2651,drama
2657,drama
2671,drama
2672,drama
2675,drama
2681,drama
2682,drama
2686,drama
2689,drama
2694,drama
2698,drama
2699,drama
2709,drama
2716,drama
2721,drama
2725,drama
2727,drama
2729,drama
2730,drama
2739,drama
2740,drama
2745,drama
2749,drama
2751,drama
2756,drama
2758,drama
2760,drama
2771,drama
2774,drama
2775,drama
2779,drama
2785,drama
2806,drama
2809,drama
2810,drama
2816,drama
2825,drama
2827,drama
2830,drama
2834,drama
2837,drama
2841,drama
2845,drama
2860,drama
2864,drama
2866,drama
2871,drama
2880,drama
2881,drama
2890,drama
2899,drama
2905,drama
2907,drama
2915,drama
2924,drama
2928,drama
2932,drama
2934,drama
2940,drama
2941,drama
2946,drama
2953,drama
2957,drama
2963,drama
2964,drama
2968,drama
2976,drama
2979,drama
2981,drama
2982,drama
2989,drama
2994,drama
3002,drama
3004,drama
3024,drama
3026,drama
3030,drama
3031,drama
3036,drama
3048,drama
3051,drama
3052,drama
3057,drama
3059,drama
3073,drama
3074,drama
3080,drama
3084,drama
3088,drama
3090,drama
3094,drama
3104,drama
3106,drama
3108,drama
3111,drama
3115,drama
3124,drama
3125,drama
3126,drama
3129,drama
3132,drama
3133,drama
3134,drama
3135,drama
3137,drama
3146,drama
3156,drama
3171,drama
3178,drama
3187,drama
3188,drama
3196,drama
3197,drama
3203,drama
3204,drama
3205,drama
3219,drama
3220,drama
3221,drama
3231,drama
3239,drama
3244,drama
3247,drama
3248,drama
3254,drama
3259,drama
3264,drama
3266,drama
3273,drama
3275,drama
3277,drama
3286,drama
3293,drama
3294,drama
3298,drama
3311,drama
3316,drama
3320,drama
3325,drama
3327,drama
3337,drama
3338,drama
3339,drama
3346,drama
3354,drama
3358,drama
3366,drama
3372,drama
3382,drama
3384,drama
3385,drama
3392,drama
3398,drama
3399,drama
3409,drama
3418,drama
3420,drama
3422,drama
3423,drama
3427,drama
3430,drama
3433,drama
3434,drama
3436,drama
3441,drama
3446,drama
3454,drama
3457,drama
3458,drama
3460,drama
3485,drama
3486,drama
3488,drama
3495,drama
3497,drama
3504,drama
3508,drama
3512,drama
3513,drama
3515,drama
3520,drama
3524,drama
3528,drama
3536,drama
3539,drama
3543,drama
3549,drama
3550,drama
3552,drama
3553,drama
3562,drama
3581,drama
3584,drama
3587,drama
3595,drama
3600,drama
3608,drama
3610,drama
3611,drama
3613,drama
3615,drama
3616,drama
3628,drama
3629,drama
3632,drama
3633,drama
3637,drama
3644,drama
3654,drama
3655,drama
3656,drama
3661,drama
3662,drama
3667,drama
3670,drama
3673,drama
3686,drama
3693,drama
3699,drama
3705,drama
3706,drama
3711,drama
3713,drama
3716,drama
3725,drama
3727,drama
3728,drama
3735,drama
3746,drama
3752,drama
3760,drama
3767,drama
3768,drama
3771,drama
3772,drama
3776,drama
3783,drama
3784,drama
3786,drama
3790,drama
3792,drama
3793,drama
3795,drama
3802,drama
3809,drama
3820,drama
3821,drama
3827,drama
3830,drama
3831,drama
3833,drama
3834,drama
3836,drama
3848,drama
3854,drama
3870,drama
3877,drama
3884,drama
3891,drama
3894,drama
3897,drama
3909,drama
3916,drama
3922,drama
3926,drama
3927,drama
3929,drama
3933,drama
3938,drama
3951,drama
3953,drama
3954,drama
3956,drama
3967,drama
3972,drama
3989,drama
3991,drama
3994,drama
3996,drama
4001,drama
4006,drama
4016,drama
4017,drama
4030,drama
4032,drama
4044,drama
4047,drama
4049,drama
4067,drama
4070,drama
4082,drama
4087,drama
4101,drama
4108,drama
4109,drama
4110,drama
4126,drama
4128,drama
4140,drama
4141,drama
4144,drama
4149,drama
4156,drama
4166,drama
4167,drama
4168,drama
4177,drama
4182,drama
4189,drama
4195,drama
4200,drama
4211,drama
4239,drama
4242,drama
4248,drama
4253,drama
4260,drama
4266,drama
4268,drama
4276,drama
4280,drama
4281,drama
4282,drama
4289,drama
4292,drama
4296,drama
4305,drama
4319,drama
4326,drama
4329,drama
4330,drama
4336,drama
4337,drama
4360,drama
4366,drama
4371,drama
4374,drama
4376,drama
4380,drama
4382,drama
4390,drama
4391,drama
4394,drama
4396,drama
4401,drama
4402,drama
4403,drama
4405,drama
4406,drama
4411,drama
4412,drama
4414,drama
4418,drama
4424,drama
4428,drama
4440,drama
4445,drama
4458,drama
4459,drama
4464,drama
4466,drama
4474,drama
4478,drama
4482,drama
4488,drama
4489,drama
4503,drama
4507,drama
4508,drama
4509,drama
4515,drama
4516,drama
4518,drama
4522,drama
4523,drama
4528,drama
4537,drama
4539,drama
4542,drama
4543,drama
4550,drama
4552,drama
4554,drama
4559,drama
4564,drama
4570,drama
4572,drama
4575,drama
4576,drama
4577,drama
4593,drama
4596,drama
4601,drama
4602,drama
4610,drama
4611,drama
4612,drama
4614,drama
4617,drama
4618,drama
4620,drama
4622,drama
4633,drama
4634,drama
4642,drama
4658,drama
4661,drama
4666,drama
4670,drama
4671,drama
4678,drama
4687,drama
4692,drama
4693,drama
4695,drama
4696,drama
4710,drama
4718,drama
4719,drama
4721,drama
4728,drama
4740,drama
4751,drama
4752,drama
4756,drama
4767,drama
4768,drama
4769,drama
4771,drama
4772,drama
4785,drama
4806,drama
4808,drama
4812,drama
4816,drama
4820,drama
4821,drama
4829,drama
4832,drama
4834,drama
4838,drama
4840,drama
4845,drama
4847,drama
4849,drama
4850,drama
4854,drama
4856,drama
4857,drama
4862,drama
4867,drama
4868,drama
4888,drama
4890,drama
4903,drama
4904,drama
4915,drama
4916,drama
4924,drama
4941,drama
4945,drama
4947,drama
4959,drama
4960,drama
4962,drama
4963,drama
4964,drama
4971,drama
4974,drama
4975,drama
4976,drama
4980,drama
4986,drama
4990,drama
4992,drama
4993,drama
4995,drama
5019,drama
5030,drama
5032,drama
5035,drama
5037,drama
5042,drama
5048,drama
5055,drama
5064,drama
5073,drama
5080,drama
5089,drama
5098,drama
5099,drama
5102,drama
5118,drama
5124,drama
5125,drama
5127,drama
5133,drama
5140,drama
5151,drama
5153,drama
5165,drama
5170,drama
5172,drama
5173,drama
5176,drama
5183,drama
5192,drama
5199,drama
5201,drama
5203,drama
5210,drama
5223,drama
5237,drama
5243,drama
5245,drama
5249,drama
5252,drama
5253,drama
5254,drama
5256,drama
5261,drama
5263,drama
5264,drama
5274,drama
5278,drama
5282,drama
5283,drama
5298,drama
5299,drama
5302,drama
5304,drama
5305,drama
5320,drama
5324,drama
5325,drama
5327,drama
5336,drama
5351,drama
5354,drama
5355,drama
5357,drama
5358,drama
5364,drama
5373,drama
5376,drama
5381,drama
5387,drama
5396,drama
5399,drama
5400,drama
5403,drama
5417,drama
5418,drama
5423,drama
5428,drama
5429,drama
5437,drama
5440,drama
5446,drama
5452,drama
5464,drama
5467,drama
5468,drama
5470,drama
5473,drama
5474,drama
5479,drama
5482,drama
5483,drama
5486,drama
5487,drama
5501,drama
5504,drama
5508,drama
5514,drama
5526,drama
5531,drama
5539,drama
5544,drama
5546,drama
5547,drama
5552,drama
5553,drama
5558,drama
5563,drama
5574,drama
5580,drama
5583,drama
5596,drama
5603,drama
5605,drama
5613,drama
5621,drama
5622,drama
5623,drama
5624,drama
5629,drama
5639,drama
5645,drama
5648,drama
5649,drama
5650,drama
5651,drama
5664,drama
5666,drama
5676,drama
5680,drama
5681,drama
5690,drama
5694,drama
5698,drama
5701,drama
5702,drama
5711,drama
5713,drama
5714,drama
5718,drama
5720,drama
5729,drama
5740,drama
5747,drama
5748,drama
5754,drama
5759,drama
5769,drama
5772,drama
5773,drama
5776,drama
5780,drama
5784,drama
5790,drama
5794,drama
5798,drama
5799,drama
5806,drama
5807,drama
5818,drama
5831,drama
5843,drama
5844,drama
5850,drama
5851,drama
5856,drama
5860,drama
5861,drama
5865,drama
5867,drama
5870,drama
5871,drama
5877,drama
5881,drama
5889,drama
5894,drama
5898,drama
5899,drama
5903,drama
5907,drama
5915,drama
5920,drama
5921,drama
5928,drama
5929,drama
5946,drama
5950,drama
5955,drama
5962,drama
5963,drama
5975,drama
5983,drama
5984,drama
5987,drama
5994,drama
5998,drama
6001,drama
6006,drama
6016,drama
6018,drama
6023,drama
6024,drama
6025,drama
6026,drama
6027,drama
6028,drama
6030,drama
6031,drama
6036,drama
6039,drama
6047,drama
6055,drama
6058,drama
6059,drama
6061,drama
6065,drama
6076,drama
6077,drama
6090,drama
6096,drama
6099,drama
6111,drama
6119,drama
6122,drama
6125,drama
6127,drama
6129,drama
6136,drama
6144,drama
6150,drama
6151,drama
6152,drama
6153,drama
6154,drama
6170,drama
6177,drama
6178,drama
6186,drama
6192,drama
6197,drama
6206,drama
6217,drama
6227,drama
6248,drama
6260,drama
6264,drama
6268,drama
6269,drama
6282,drama
6284,drama
6293,drama
6299,drama
6302,drama
6303,drama
6310,drama
6312,drama
6316,drama
6320,drama
6323,drama
6324,drama
6326,drama
6336,drama
6338,drama
6339,drama
6340,drama
6342,drama
6343,drama
6345,drama
6346,drama
6347,drama
6348,drama
6349,drama
6350,drama
6352,drama
6355,drama
6356,drama
6366,drama
6368,drama
6373,drama
6374,drama
6383,drama
6393,drama
6397,drama
6403,drama
6407,drama
6414,drama
6415,drama
6417,drama
6418,drama
6422,drama
6426,drama
6430,drama
6434,drama
6438,drama
6441,drama
6446,drama
6458,drama
6459,drama
6462,drama
6465,drama
6466,drama
6468,drama
6478,drama
6480,drama
6483,drama
6493,drama
6495,drama
6506,drama
6509,drama
6515,drama
6522,drama
6534,drama
6552,drama
6569,drama
6573,drama
6577,drama
6582,drama
6586,drama
6587,drama
6588,drama
6589,drama
6596,drama
6602,drama
6607,drama
6609,drama
6616,drama
6618,drama
6628,drama
6629,drama
6630,drama
6632,drama
6635,drama
6636,drama
6641,drama
6642,drama
6651,drama
6664,drama
6666,drama
6667,drama
6670,drama
6677,drama
6679,drama
6681,drama
6682,drama
6683,drama
6684,drama
6686,drama
6693,drama
6700,drama
6706,drama
6714,drama
6718,drama
6720,drama
6729,drama
6732,drama
6734,drama
6745,drama
6746,drama
6748,drama
6749,drama
6758,drama
6759,drama
6761,drama
6763,drama
6770,drama
6771,drama
6772,drama
6776,drama
6780,drama
6781,drama
6786,drama
6787,drama
6790,drama
6807,drama
6814,drama
6816,drama
6820,drama
6821,drama
6824,drama
6832,drama
6836,drama
6838,drama
6845,drama
6847,drama
6848,drama
6854,drama
6859,drama
6864,drama
6865,drama
6866,drama
6881,drama
6882,drama
6889,drama
6896,drama
6903,drama
6904,drama
6905,drama
6908,drama
6918,drama
6924,drama
6928,drama
6930,drama
6931,drama
6933,drama
6936,drama
6938,drama
6945,drama
6952,drama
6953,drama
6963,drama
6964,drama
6967,drama
6974,drama
6993,drama
6999,drama
7003,drama
7004,drama
7009,drama
7010,drama
7015,drama
7018,drama
7022,drama
7046,drama
7051,drama
7053,drama
7055,drama
7056,drama
7061,drama
7062,drama
7063,drama
7066,drama
7069,drama
7074,drama
7080,drama
7083,drama
7099,drama
7100,drama
7104,drama
7106,drama
7108,drama
7118,drama
7124,drama
7126,drama
7129,drama
7130,drama
7131,drama
7135,drama
7138,drama
7141,drama
7145,drama
7152,drama
7171,drama
7189,drama
7190,drama
7192,drama
7195,drama
7198,drama
7201,drama
7208,drama
7216,drama
7217,drama
7218,drama
7220,drama
7224,drama
7227,drama
7231,drama
7232,drama
7233,drama
7236,drama
7241,drama
7242,drama
7248,drama
7253,drama
7256,drama
7259,drama
7264,drama
7268,drama
7269,drama
7281,drama
7283,drama
7284,drama
7295,drama
7300,drama
7315,drama
7317,drama
7321,drama
7326,drama
7345,drama
7349,drama
7352,drama
7357,drama
7363,drama
7365,drama
7368,drama
7373,drama
7378,drama
7380,drama
7383,drama
7388,drama
7390,drama
7394,drama
7396,drama
7399,drama
7400,drama
7404,drama
7408,drama
7421,drama
7426,drama
7432,drama
7434,drama
7441,drama
7449,drama
7463,drama
7465,drama
7493,drama
7497,drama
7508,drama
7517,drama
7535,drama
7543,drama
7545,drama
7546,drama
7550,drama
7551,drama
7555,drama
7566,drama
7581,drama
7584,drama
7587,drama
7589,drama
7590,drama
7594,drama
7602,drama
7605,drama
7607,drama
7609,drama
7617,drama
7624,drama
7625,drama
7629,drama
7630,drama
7638,drama
7652,drama
7656,drama
7661,drama
7667,drama
7670,drama
7673,drama
7675,drama
7676,drama
7680,drama
7682,drama
7683,drama
7690,drama
7692,drama
7693,drama
7699,drama
7701,drama
7704,drama
7707,drama
7712,drama
7717,drama
7721,drama
7724,drama
7728,drama
7741,drama
7742,drama
7744,drama
7745,drama
7759,drama
7769,drama
7771,drama
7772,drama
7773,drama
7775,drama
7780,drama
7784,drama
7792,drama
7797,drama
7800,drama
7806,drama
7810,drama
7811,drama
7812,drama
7824,drama
7832,drama
7835,drama
7836,drama
7839,drama
7844,drama
7851,drama
7856,drama
7859,drama
7861,drama
7867,drama
7870,drama
7871,drama
7876,drama
7878,drama
7879,drama
7881,drama
7883,drama
7889,drama
7894,drama
7906,drama
7908,drama
7911,drama
7913,drama
7918,drama
7925,drama
7931,drama
7932,drama
7938,drama
7955,drama
7956,drama
7957,drama
7971,drama
7975,drama
7984,drama
7989,drama
7992,drama
8002,drama
8021,drama
8025,drama
8032,drama
8033,drama
8036,drama
8039,drama
8044,drama
8047,drama
8049,drama
8057,drama
8059,drama
8060,drama
8066,drama
8072,drama
8077,drama
8082,drama
8083,drama
8101,drama
8103,drama
8104,drama
8105,drama
8114,drama
8121,drama
8125,drama
8130,drama
8131,drama
8132,drama
8133,drama
8136,drama
8137,drama
8148,drama
8150,drama
8151,drama
8153,drama
8156,drama
8158,drama
8161,drama
8165,drama
8169,drama
8171,drama
8174,drama
8186,drama
8202,drama
8215,drama
8222,drama
8225,drama
8226,drama
8227,drama
8231,drama
8237,drama
8238,drama
8239,drama
8246,drama
8255,drama
8257,drama
8261,drama
8273,drama
8278,drama
8279,drama
8302,drama
8308,drama
8311,drama
8315,drama
8316,drama
8317,drama
8319,drama
8320,drama
8328,drama
8329,drama
8332,drama
8341,drama
8352,drama
8353,drama
8361,drama
8370,drama
8374,drama
8379,drama
8380,drama
8389,drama
8390,drama
8396,drama
8403,drama
8409,drama
8416,drama
8418,drama
8420,drama
8422,drama
8433,drama
8434,drama
8442,drama
8447,drama
8450,drama
8451,drama
8461,drama
8465,drama
8469,drama
8479,drama
8482,drama
8486,drama
8490,drama
8498,drama
8500,drama
8502,drama
8504,drama
8507,drama
8514,drama
8524,drama
8530,drama
8534,drama
8539,drama
8546,drama
8547,drama
8550,drama
8578,drama
8583,drama
8584,drama
8593,drama
8596,drama
8597,drama
8598,drama
8600,drama
8601,drama
8617,drama
8619,drama
8621,drama
8627,drama
8628,drama
8630,drama
8642,drama
8644,drama
8645,drama
8651,drama
8657,drama
8661,drama
8663,drama
8668,drama
8676,drama
8677,drama
8684,drama
8690,drama
8691,drama
8707,drama
8710,drama
8715,drama
8732,drama
8733,drama
8734,drama
8736,drama
8746,drama
8767,drama
8770,drama
8773,drama
8776,drama
8778,drama
8780,drama
8781,drama
8782,drama
8786,drama
8795,drama
8796,drama
8798,drama
8806,drama
8809,drama
8813,drama
8823,drama
8827,drama
8832,drama
8844,drama
8845,drama
8848,drama
8849,drama
8853,drama
8856,drama
8859,drama
8862,drama
8870,drama
8872,drama
8879,drama
8881,drama
8886,drama
8892,drama
8902,drama
8918,drama
8928,drama
8949,drama
8957,drama
8960,drama
8962,drama
8967,drama
8968,drama
8970,drama
8971,drama
8975,drama
8976,drama
8980,drama
8988,drama
8991,drama
8995,drama
8999,drama
9001,drama
9011,drama
9027,drama
9033,drama
9034,drama
9040,drama
9041,drama
9045,drama
9062,drama
9067,drama
9068,drama
9076,drama
9085,drama
9088,drama
9089,drama
9094,drama
9108,drama
9111,drama
9115,drama
9118,drama
9121,drama
9128,drama
9129,drama
9142,drama
9145,drama
9148,drama
9155,drama
9159,drama
9160,drama
9171,drama
9173,drama
9177,drama
9178,drama
9186,drama
9191,drama
9192,drama
9198,drama
9204,drama
9206,drama
9207,drama
9209,drama
9210,drama
9214,drama
9217,drama
9218,drama
9221,drama
9223,drama
9226,drama
9227,drama
9234,drama
9241,drama
9242,drama
9243,drama
9248,drama
9253,drama
9254,drama
9256,drama
9261,drama
9264,drama
9269,drama
9284,drama
9289,drama
9295,drama
9297,drama
9302,drama
9308,drama
9316,drama
9319,drama
9321,drama
9323,drama
9331,drama
9332,drama
9334,drama
9337,drama
9343,drama
9349,drama
9358,drama
9361,drama
9368,drama
9377,drama
9388,drama
9389,drama
9393,drama
9397,drama
9398,drama
9399,drama
9405,drama
9409,drama
9416,drama
9417,drama
9418,drama
9434,drama
9449,drama
9452,drama
9457,drama
9458,drama
9461,drama
9466,drama
9467,drama
9471,drama
9473,drama
9477,drama
9491,drama
9494,drama
9504,drama
9507,drama
9512,drama
9523,drama
9524,drama
9533,drama
9539,drama
9548,drama
9550,drama
9552,drama
9555,drama
9561,drama
9562,drama
9565,drama
9568,drama
9570,drama
9585,drama
9586,drama
9591,drama
9592,drama
9597,drama
9603,drama
9606,drama
9609,drama
9614,drama
9617,drama
9619,drama
9623,drama
9625,drama
9626,drama
9629,drama
9630,drama
9632,drama
9633,drama
9634,drama
9636,drama
9639,drama
9641,drama
9644,drama
9645,drama
9649,drama
9661,drama
9667,drama
9673,drama
9678,drama
9681,drama
9689,drama
9691,drama
9700,drama
9705,drama
9715,drama
9716,drama
9720,drama
9722,drama
9726,drama
9728,drama
9734,drama
9742,drama
9743,drama
9748,drama
9759,drama
9761,drama
9764,drama
9765,drama
9771,drama
9775,drama
9780,drama
9781,drama
9792,drama
9793,drama
9796,drama
9806,drama
9807,drama
9813,drama
9825,drama
9830,drama
9836,drama
9846,drama
9853,drama
9855,drama
9859,drama
9864,drama
9865,drama
9867,drama
9870,drama
9871,drama
9873,drama
9875,drama
9881,drama
9885,drama
9896,drama
9897,drama
9904,drama
9908,drama
9915,drama
9929,drama
9941,drama
9942,drama
9947,drama
9949,drama
9954,drama
9956,drama
9958,drama
9961,drama
9971,drama
9972,drama
9977,drama
9979,drama
9986,drama
9993,drama
9996,drama
9999,drama
10003,drama
10007,drama
10009,drama
10012,drama
10023,drama
10025,drama
10026,drama
10029,drama
10034,drama
10036,drama
10037,drama
10047,drama
10048,drama
10051,drama
10052,drama
10054,drama
10060,drama
10063,drama
10070,drama
10071,drama
10078,drama
10084,drama
10088,drama
10095,drama
10118,drama
10120,drama
10122,drama
10133,drama
10136,drama
10141,drama
10149,drama
10150,drama
10152,drama
10159,drama
10163,drama
10167,drama
10169,drama
10172,drama
10173,drama
10180,drama
10186,drama
10189,drama
10195,drama
10203,drama
10205,drama
10208,drama
10210,drama
10213,drama
10222,drama
10223,drama
10232,drama
10246,drama
10247,drama
10248,drama
10253,drama
10260,drama
10267,drama
10274,drama
10278,drama
10281,drama
10284,drama
10286,drama
10289,drama
10297,drama
10298,drama
10304,drama
10306,drama
10310,drama
10312,drama
10316,drama
10318,drama
10325,drama
10326,drama
10330,drama
10332,drama
10333,drama
10334,drama
10336,drama
10337,drama
10341,drama
10347,drama
10351,drama
10353,drama
10356,drama
10360,drama
10366,drama
10367,drama
10371,drama
10374,drama
10375,drama
10377,drama
10381,drama
10388,drama
10400,drama
10402,drama
10414,drama
10422,drama
10423,drama
10424,drama
10442,drama
10447,drama
10448,drama
10449,drama
10451,drama
10455,drama
10463,drama
10468,drama
10469,drama
10472,drama
10476,drama
10484,drama
10489,drama
10494,drama
10505,drama
10510,drama
10511,drama
10512,drama
10520,drama
10527,drama
10528,drama
10529,drama
10546,drama
10549,drama
10556,drama
10558,drama
10561,drama
10564,drama
10566,drama
10574,drama
10588,drama
10590,drama
10598,drama
10609,drama
10614,drama
10615,drama
10620,drama
10622,drama
10623,drama
10633,drama
10636,drama
10648,drama
10649,drama
10650,drama
10661,drama
10672,drama
10674,drama
10675,drama
10686,drama
10689,drama
10692,drama
10697,drama
10703,drama
10710,drama
10711,drama
10713,drama
10720,drama
10722,drama
10730,drama
10734,drama
10738,drama
10758,drama
10765,drama
10768,drama
10772,drama
10781,drama
10784,drama
10794,drama
10795,drama
10798,drama
10800,drama
10804,drama
10808,drama
10810,drama
10811,drama
10819,drama
10833,drama
10836,drama
10839,drama
10844,drama
10846,drama
10847,drama
10849,drama
10850,drama
10853,drama
10864,drama
10878,drama
10879,drama
10880,drama
10888,drama
10894,drama
10900,drama
10901,drama
10910,drama
10915,drama
10918,drama
10920,drama
10924,drama
10925,drama
10929,drama
10930,drama
10931,drama
10934,drama
10945,drama
10966,drama
10967,drama
10968,drama
10971,drama
10975,drama
10978,drama
10982,drama
10988,drama
10994,drama
10996,drama
11001,drama
11003,drama
11007,drama
11009,drama
11011,drama
11014,drama
11015,drama
11026,drama
11029,drama
11030,drama
11033,drama
11038,drama
11051,drama
11052,drama
11053,drama
11056,drama
11061,drama
11071,drama
11076,drama
11086,drama
11093,drama
11111,drama
11116,drama
11120,drama
11132,drama
11134,drama
11141,drama
11145,drama
11148,drama
11153,drama
11162,drama
11172,drama
11177,drama
11181,drama
11185,drama
11205,drama
11206,drama
11209,drama
11211,drama
11218,drama
11220,drama
11221,drama
11225,drama
11229,drama
11235,drama
11236,drama
11242,drama
11246,drama
11258,drama
11260,drama
11265,drama
11270,drama
11271,drama
11272,drama
11275,drama
11276,drama
11278,drama
11280,drama
11282,drama
11285,drama
11296,drama
11308,drama
11311,drama
11316,drama
11323,drama
11324,drama
11326,drama
11339,drama
11340,drama
11344,drama
11352,drama
11354,drama
11359,drama
11365,drama
11366,drama
11371,drama
11374,drama
11376,drama
11379,drama
11380,drama
11388,drama
11390,drama
11393,drama
11400,drama
11401,drama
11410,drama
11413,drama
11418,drama
11423,drama
11426,drama
11428,drama
11432,drama
11436,drama
11437,drama
11445,drama
11447,drama
11468,drama
11478,drama
11479,drama
11480,drama
11483,drama
11492,drama
11493,drama
11496,drama
11498,drama
11499,drama
11504,drama
11509,drama
11510,drama
11518,drama
11521,drama
11522,drama
11525,drama
11526,drama
11527,drama
11533,drama
11534,drama
11535,drama
11541,drama
11549,drama
11550,drama
11558,drama
11563,drama
11567,drama
11568,drama
11573,drama
11574,drama
11581,drama
11582,drama
11588,drama
11594,drama
11595,drama
11597,drama
11603,drama
11605,drama
11606,drama
11608,drama
11609,drama
11613,drama
11623,drama
11626,drama
11632,drama
11651,drama
11653,drama
11667,drama
11670,drama
11677,drama
11680,drama
11683,drama
11688,drama
11712,drama
11715,drama
11717,drama
11724,drama
11726,drama
11728,drama
11748,drama
11762,drama
11766,drama
11768,drama
11772,drama
11777,drama
11780,drama
11786,drama
11787,drama
11793,drama
11797,drama
11799,drama
11810,drama
11811,drama
11813,drama
11826,drama
11828,drama
11832,drama
11837,drama
11849,drama
11852,drama
11853,drama
11854,drama
11857,drama
11862,drama
11864,drama
11871,drama
11872,drama
11878,drama
11880,drama
11885,drama
11889,drama
11897,drama
11901,drama
11904,drama
11909,drama
11912,drama
11915,drama
11921,drama
11927,drama
11928,drama
11950,drama
11952,drama
11953,drama
11965,drama
11974,drama
11977,drama
11979,drama
11981,drama
11986,drama
12008,drama
12010,drama
12012,drama
12015,drama
12018,drama
12021,drama
12031,drama
12032,drama
12036,drama
12049,drama
12065,drama
12066,drama
12077,drama
12088,drama
12089,drama
12093,drama
12094,drama
12098,drama
12102,drama
12109,drama
12113,drama
12116,drama
12129,drama
12131,drama
12144,drama
12156,drama
12157,drama
12158,drama
12161,drama
12164,drama
12165,drama
12174,drama
12177,drama
12179,drama
12182,drama
12186,drama
12188,drama
12196,drama
12197,drama
12199,drama
12202,drama
12219,drama
12236,drama
12237,drama
12239,drama
12252,drama
12268,drama
12271,drama
12275,drama
12276,drama
12281,drama
12282,drama
12292,drama
12296,drama
12308,drama
12311,drama
12318,drama
12319,drama
12320,drama
12322,drama
12327,drama
12335,drama
12341,drama
12345,drama
12347,comedy
12375,drama
12383,drama
12386,drama
12397,drama
12406,drama
12410,drama
12412,drama
12413,drama
12416,drama
12431,drama
12435,drama
12448,drama
12463,drama
12467,drama
12468,drama
12475,drama
12499,drama
12517,drama
12522,drama
12525,drama
12529,drama
12532,drama
12539,drama
12541,drama
12552,drama
12554,drama
12556,drama
12558,drama
12559,drama
12569,drama
12572,drama
12580,drama
12588,drama
12592,drama
12599,drama
12601,drama
12606,drama
12607,drama
12624,drama
12631,drama
12633,drama
12644,drama
12648,drama
12654,drama
12655,drama
12656,drama
12657,drama
12661,drama
12663,drama
12665,drama
12674,drama
12681,drama
12685,drama
12689,drama
12701,drama
12707,drama
12708,drama
12709,drama
12711,drama
12715,drama
12717,drama
12720,drama
12726,drama
12730,drama
12737,drama
12738,drama
12739,drama
12741,drama
12749,drama
12750,drama
12754,drama
12755,drama
12767,drama
12772,drama
12780,drama
12783,drama
12792,drama
12795,drama
12797,drama
12808,drama
12813,drama
12826,drama
12828,drama
12835,drama
12838,drama
12840,drama
12845,drama
12848,drama
12853,drama
12866,drama
12871,drama
12874,drama
12881,drama
12883,drama
12885,drama
12894,drama
12895,drama
12908,drama
12921,drama
12923,drama
12924,drama
12930,drama
12937,drama
12943,drama
12944,drama
12946,drama
12949,drama
12950,drama
12952,drama
12953,drama
12954,drama
12956,drama
12967,drama
12968,drama
12980,drama
12986,drama
13013,drama
13015,drama
13016,drama
13017,drama
13019,drama
13029,drama
13040,drama
13061,drama
13064,drama
13072,drama
13086,drama
13095,drama
13098,drama
13099,drama
13115,drama
13123,drama
13125,drama
13126,drama
13128,drama
13133,drama
13137,drama
13145,drama
13146,drama
13150,drama
13151,drama
13153,drama
13173,drama
13189,drama
13191,drama
13193,drama
13198,drama
13201,drama
13207,drama
13211,drama
13216,drama
13218,drama
13225,drama
13227,drama
13233,drama
13236,drama
13238,drama
13240,drama
13247,drama
13252,drama
13254,drama
13258,drama
13261,drama
13266,drama
13268,drama
13269,drama
13277,drama
13279,drama
13290,drama
13295,drama
13303,drama
13307,drama
13320,drama
13322,drama
13324,drama
13325,drama
13335,drama
13340,drama
13342,drama
13346,drama
13356,drama
13357,drama
13361,drama
13364,drama
13396,drama
13407,drama
13414,drama
13419,drama
13422,drama
13424,drama
13435,drama
13436,drama
13439,drama
13441,drama
13444,drama
13445,drama
13456,drama
13460,drama
13466,drama
13468,drama
13478,drama
13479,drama
13480,drama
13482,drama
13483,drama
13494,drama
13495,drama
13496,drama
13498,drama
13499,drama
13504,drama
13511,drama
13513,drama
13514,drama
13516,drama
13517,drama
13519,drama
13525,drama
13531,drama
13536,drama
13538,drama
13545,drama
13554,drama
13557,drama
13563,drama
13567,drama
13573,drama
13582,drama
13583,drama
13584,drama
13589,drama
13593,drama
13596,drama
13601,drama
13608,drama
13611,drama
13617,drama
13618,drama
13623,drama
13633,drama
13635,drama
13638,drama
13651,drama
13667,drama
13673,drama
13677,drama
13680,drama
13681,drama
13683,drama
13685,drama
13700,drama
13703,drama
13705,drama
13715,drama
13722,drama
13727,drama
13735,drama
13736,drama
13739,drama
13741,drama
13746,drama
13753,drama
13755,drama
13757,drama
13761,drama
13766,drama
13767,drama
13771,drama
13774,drama
13775,drama
13777,drama
13779,drama
13780,drama
13784,drama
13802,drama
13824,drama
13825,drama
13826,drama
13828,drama
13829,drama
13833,drama
13853,drama
13863,drama
13866,drama
13871,drama
13873,drama
13883,drama
13885,drama
13887,drama
13888,drama
13891,drama
13913,drama
13923,drama
13925,drama
13926,drama
13935,drama
13936,drama
13939,drama
13943,drama
13944,drama
13946,drama
13951,drama
13953,drama
13964,drama
13965,drama
13968,drama
13969,drama
13971,drama
13974,drama
13988,drama
13999,drama
14002,drama
14009,drama
14017,drama
14018,drama
14034,drama
14046,drama
14047,drama
14051,drama
14057,drama
14077,drama
14078,drama
14079,drama
14087,drama
14090,drama
14091,drama
14093,drama
14101,drama
14102,drama
14104,drama
14116,drama
14128,drama
14129,drama
14134,drama
14141,drama
14144,drama
14147,drama
14148,drama
14156,drama
14159,drama
14161,drama
14169,drama
14172,drama
14182,drama
14183,drama
14189,drama
14197,drama
14199,drama
14207,drama
14209,drama
14210,drama
14212,drama
14220,drama
14223,drama
14230,drama
14238,drama
14239,drama
14243,drama
14248,drama
14251,drama
14260,drama
14261,drama
14267,drama
14272,drama
14288,drama
14293,drama
14296,drama
14297,drama
14304,drama
14305,drama
14310,drama
14313,drama
14314,drama
14316,drama
14319,drama
14328,drama
14330,drama
14333,drama
14337,drama
14342,drama
14352,drama
14354,drama
14355,drama
14359,drama
14361,drama
14363,drama
14365,drama
14374,drama
14375,drama
14376,drama
14382,drama
14385,drama
14388,drama
14393,drama
14394,drama
14407,drama
14414,drama
14419,drama
14420,drama
14422,drama
14426,drama
14428,drama
14432,drama
14436,drama
14437,drama
14439,drama
14443,drama
14450,drama
14451,drama
14455,drama
14460,drama
14461,drama
14476,drama
14479,drama
14481,drama
14484,drama
14486,drama
14494,drama
14495,drama
14498,drama
14504,drama
14510,drama
14531,drama
14534,drama
14544,drama
14548,drama
14556,drama
14563,drama
14565,drama
14566,drama
14570,drama
14576,drama
14583,drama
14584,drama
14589,drama
14597,drama
14611,drama
14613,drama
14614,drama
14616,drama
14617,drama
14618,drama
14626,drama
14638,drama
14645,drama
14646,drama
14659,drama
14660,drama
14663,drama
14687,drama
14688,drama
14705,drama
14708,drama
14710,drama
14717,drama
14719,drama
14720,drama
14721,drama
14722,drama
14723,drama
14731,drama
14738,drama
14745,drama
14747,drama
14751,drama
14753,drama
14754,drama
14758,drama
14768,drama
14770,drama
14771,drama
14777,drama
14782,drama
14790,drama
14792,drama
14797,drama
14798,drama
14799,drama
14809,drama
14811,drama
14816,drama
14817,drama
14819,drama
14823,drama
14832,drama
14837,drama
14841,drama
14846,drama
14853,drama
14861,drama
14881,drama
14883,drama
14894,drama
14896,drama
14900,drama
14905,drama
14906,drama
14907,drama
14912,drama
14915,drama
14920,drama
14921,drama
14928,drama
14930,drama
14942,drama
14944,drama
14945,drama
14951,drama
14956,drama
14958,drama
14960,drama
14961,drama
14975,drama
14980,drama
14986,drama
14989,drama
14990,drama
14993,drama
14996,drama
15007,drama
15009,drama
15010,drama
15019,drama
15023,drama
15027,drama
15037,drama
15045,drama
15048,drama
15050,drama
15051,drama
15053,drama
15054,drama
15056,drama
15059,drama
15064,drama
15065,drama
15067,drama
15072,drama
15091,drama
15096,drama
15113,drama
15119,drama
15131,drama
15132,drama
15139,drama
15145,drama
15147,drama
15148,drama
15158,drama
15159,drama
15160,drama
15161,drama
15166,drama
15190,drama
15191,drama
15196,drama
15198,drama
15200,drama
15202,drama
15207,drama
15217,drama
15220,drama
15223,drama
15225,drama
15227,drama
15228,drama
15230,drama
15231,drama
15232,drama
15235,drama
15238,drama
15239,drama
15250,drama
15255,drama
15265,drama
15276,drama
15288,drama
15301,drama
15303,drama
15306,drama
15309,drama
15310,drama
15313,drama
15314,drama
15322,drama
15344,drama
15348,drama
15352,drama
15353,drama
15359,drama
15360,drama
15365,drama
15367,drama
15368,drama
15370,drama
15376,drama
15377,drama
15380,drama
15381,drama
15383,drama
15386,drama
15387,drama
15400,drama
15404,drama
15405,drama
15410,drama
15413,drama
15419,drama
15423,drama
15425,drama
15435,drama
15443,drama
15448,drama
15455,drama
15477,drama
15488,drama
15490,drama
15492,drama
15499,drama
15502,drama
15503,drama
15505,drama
15523,drama
15524,drama
15528,drama
15538,drama
15539,drama
15549,drama
15550,drama
15555,drama
15557,drama
15565,drama
15572,drama
15579,drama
15586,drama
15596,drama
15607,drama
15612,drama
15620,drama
15624,drama
15625,drama
15649,drama
15651,drama
15652,drama
15654,drama
15663,drama
15666,drama
15667,drama
15668,drama
15669,drama
15685,drama
15692,drama
15694,drama
15699,drama
15701,drama
15707,drama
15724,drama
15725,drama
15727,drama
15729,drama
15732,drama
15733,drama
15736,drama
15738,drama
15744,drama
15749,drama
15751,drama
15754,drama
15757,drama
15768,drama
15781,drama
15785,drama
15793,drama
15797,drama
15798,drama
15801,drama
15803,drama
15808,drama
15809,drama
15810,drama
15811,drama
15812,drama
15816,drama
15818,drama
15820,drama
15824,drama
15828,drama
15834,drama
15846,drama
15854,drama
15859,drama
15862,drama
15867,drama
15868,drama
15875,drama
15879,drama
15882,drama
15892,drama
15901,drama
15917,drama
15926,drama
15928,drama
15936,drama
15938,drama
15949,drama
15960,drama
15961,drama
15970,drama
15982,drama
15994,drama
15998,drama
16002,drama
16015,drama
16017,drama
16019,drama
16026,drama
16027,drama
16029,drama
16039,drama
16043,drama
16044,drama
16045,drama
16051,drama
16053,drama
16058,drama
16062,drama
16064,drama
16068,drama
16084,drama
16097,drama
16105,drama
16106,drama
16110,drama
16111,drama
16114,drama
16120,drama
16125,drama
16128,drama
16131,drama
16135,drama
16139,drama
16145,drama
16147,drama
16168,drama
16171,drama
16173,drama
16174,drama
16177,drama
16190,drama
16204,drama
16207,drama
16208,drama
16213,drama
16224,drama
16237,drama
16240,drama
16245,drama
16256,drama
16259,drama
16264,drama
16283,drama
16297,drama
16298,drama
16309,drama
16312,drama
16316,drama
16319,drama
16322,drama
16326,drama
16328,drama
16333,drama
16339,drama
16347,drama
16353,drama
16360,drama
16368,drama
16377,drama
16382,drama
16392,drama
16399,drama
16407,drama
16413,drama
16430,drama
16435,drama
16436,drama
16446,drama
16448,drama
16452,drama
16461,drama
16483,drama
16491,drama
16501,drama
16503,drama
16506,drama
16514,drama
16521,drama
16523,drama
16525,drama
16532,drama
16544,drama
16547,drama
16549,drama
16561,drama
16562,drama
16565,drama
16576,drama
16581,drama
16583,drama
16591,drama
16594,drama
16601,drama
16604,drama
16616,drama
16624,drama
16625,drama
16629,drama
16635,drama
16643,drama
16657,drama
16660,drama
16661,drama
16663,drama
16669,drama
16672,drama
16678,drama
16683,drama
16685,drama
16686,drama
16689,drama
16691,drama
16693,drama
16702,drama
16707,drama
16715,drama
16717,drama
16723,drama
16739,drama
16746,drama
16754,drama
16761,drama
16773,drama
16780,drama
16782,drama
16784,drama
16785,drama
16788,drama
16792,drama
16794,drama
16799,drama
16804,drama
16819,drama
16820,drama
16828,drama
16830,drama
16836,drama
16846,drama
16855,drama
16856,drama
16860,drama
16861,drama
16863,drama
16864,drama
16865,drama
16867,drama
16877,drama
16878,drama
16883,drama
16884,drama
16887,drama
16890,drama
16896,drama
16898,drama
16900,drama
16901,drama
16907,drama
16908,drama
16916,drama
16927,drama
16938,drama
16953,drama
16976,drama
16977,drama
16991,drama
16993,drama
17003,drama
17004,drama
17007,drama
17010,drama
17012,drama
17019,drama
17021,drama
17026,drama
17029,drama
17031,drama
17032,drama
17036,drama
17037,drama
17040,drama
17041,drama
17063,drama
17067,drama
17069,drama
17079,drama
17080,drama
17083,drama
17085,drama
17090,drama
17095,drama
17120,drama
17145,drama
17148,drama
17166,drama
17167,drama
17179,drama
17184,drama
17196,drama
17204,drama
17206,drama
17211,drama
17212,drama
17220,drama
17228,drama
17231,drama
17238,drama
17240,drama
17242,drama
17244,drama
17250,drama
17254,drama
17257,drama
17259,drama
17262,drama
17266,drama
17270,drama
17278,drama
17292,drama
17297,drama
17301,drama
17303,drama
17308,drama
17309,drama
17310,drama
17311,drama
17313,drama
17315,drama
17316,drama
17319,drama
17320,drama
17322,drama
17326,drama
17327,drama
17328,drama
17335,drama
17337,drama
17345,drama
17353,drama
17359,drama
17368,drama
17374,drama
17380,drama
17381,drama
17387,drama
17394,drama
17399,drama
17400,drama
17408,drama
17411,drama
17415,drama
17418,drama
17428,drama
17431,drama
17432,drama
17435,drama
17442,drama
17452,drama
17457,drama
17459,drama
17467,drama
17469,drama
17485,drama
17510,drama
17512,drama
17513,drama
17525,drama
17528,drama
17531,drama
17534,drama
17535,drama
17539,drama
17546,drama
17549,drama
17551,drama
17558,drama
17560,drama
17561,drama
17578,drama
17588,drama
17595,drama
17604,drama
17606,drama
17613,drama
17614,drama
17620,drama
17624,drama
17629,drama
17632,drama
17634,drama
17646,drama
17652,drama
17653,drama
17655,drama
17656,drama
17658,drama
17660,drama
17662,drama
17669,drama
17674,drama
17677,drama
17682,drama
17684,drama
17685,drama
17687,drama
17701,drama
17704,drama
17714,drama
17716,drama
17719,drama
17724,drama
17738,drama
17741,drama
17743,drama
17748,drama
17753,drama
17756,drama
17765,drama
17772,drama
17776,drama
17780,drama
17781,drama
17782,drama
17785,drama
17802,drama
17804,drama
17811,drama
17812,drama
17814,drama
17818,drama
17819,drama
17820,drama
17824,drama
17830,drama
17841,drama
17843,drama
17849,drama
17856,drama
17857,drama
17858,drama
17859,drama
17860,drama
17868,drama
17870,drama
17872,drama
17875,drama
17876,drama
17884,drama
17892,drama
17896,drama
17899,drama
17915,drama
17919,drama
17921,drama
17924,drama
17926,drama
17933,drama
17937,drama
17938,drama
17939,drama
17944,drama
17945,drama
17947,drama
17961,drama
17974,drama
17977,drama
17981,drama
17984,drama
17985,drama
17986,drama
17990,drama
18020,drama
18021,drama
18027,drama
18031,drama
18033,drama
18039,drama
18046,drama
18050,drama
18052,drama
18053,drama
18056,drama
18064,drama
18066,drama
18074,drama
18083,drama
18096,drama
18097,drama
18107,drama
18109,drama
18117,drama
18130,drama
18145,drama
18151,drama
18157,drama
18161,drama
18172,drama
18177,drama
18178,drama
18187,drama
18194,drama
18195,drama
18202,drama
18210,drama
18213,drama
18221,drama
18225,drama
18227,drama
18228,drama
18233,drama
18234,drama
18239,drama
18240,drama
18241,drama
18246,drama
18247,drama
18252,drama
18257,drama
18263,drama
18264,drama
18287,drama
18288,drama
18304,drama
18323,drama
18326,drama
18330,drama
18335,drama
18343,drama
18346,drama
18351,drama
18352,drama
18353,drama
18356,drama
18369,drama
18371,drama
18375,drama
18379,drama
18396,drama
18422,drama
18424,drama
18427,drama
18428,drama
18431,drama
18435,drama
18440,drama
18452,drama
18457,drama
18472,drama
18480,drama
18487,drama
18494,drama
18499,drama
18502,drama
18504,drama
18509,drama
18519,drama
18529,drama
18537,drama
18543,drama
18544,drama
18550,drama
18559,drama
18560,drama
18562,drama
18563,drama
18564,drama
18565,drama
18572,drama
18575,drama
18576,drama
18582,drama
18586,drama
18593,drama
18594,drama
18595,drama
18596,drama
18604,drama
18607,drama
18612,drama
18614,drama
18616,drama
18617,drama
18621,drama
18626,drama
18633,drama
18636,drama
18646,drama
18650,drama
18651,drama
18659,drama
18663,drama
18666,drama
18669,drama
18675,drama
18678,drama
18679,drama
18680,drama
18686,drama
18688,drama
18698,drama
18707,drama
18711,drama
18722,drama
18723,drama
18728,drama
18733,drama
18740,drama
18741,drama
18768,drama
18779,drama
18780,drama
18782,drama
18786,drama
18800,drama
18808,drama
18813,drama
18822,drama
18828,drama
18836,drama
18845,drama
18846,drama
18859,drama
18863,drama
18864,drama
18869,drama
18876,drama
18881,drama
18888,drama
18891,drama
18897,drama
18898,drama
18899,drama
18901,drama
18905,drama
18917,drama
18931,drama
18935,drama
18936,drama
18939,drama
18947,drama
18954,drama
18960,drama
18961,drama
18970,drama
18973,drama
18987,drama
18989,drama
19004,drama
19009,drama
19011,drama
19016,drama
19026,drama
19027,drama
19034,drama
19036,drama
19039,drama
19056,drama
19062,drama
19063,drama
19064,drama
19067,drama
19069,drama
19072,drama
19073,drama
19075,drama
19084,drama
19096,drama
19098,drama
19109,drama
19111,drama
19117,drama
19129,drama
19133,drama
19138,drama
19139,drama
19140,drama
19141,drama
19147,drama
19148,drama
19156,drama
19161,drama
19162,drama
19164,drama
19176,drama
19177,drama
19178,drama
19179,drama
19188,drama
19199,drama
19206,drama
19207,drama
19211,drama
19218,drama
19228,drama
19237,drama
19238,drama
19246,drama
19251,drama
19252,drama
19254,drama
19255,drama
19270,drama
19273,drama
19280,drama
19283,drama
19284,drama
19285,drama
19286,drama
19290,drama
19298,drama
19301,drama
19302,drama
19307,drama
19310,drama
19314,drama
19319,drama
19328,drama
19329,drama
19331,drama
19337,drama
19338,drama
19339,drama
19341,drama
19344,drama
19346,drama
19347,drama
19353,drama
19360,drama
19366,drama
19368,drama
19372,drama
19376,drama
19379,drama
19385,drama
19387,drama
19392,drama
19394,drama
19401,drama
19404,drama
19405,drama
19407,drama
19413,drama
19423,drama
19425,drama
19442,drama
19451,drama
19456,drama
19457,drama
19458,drama
19459,drama
19462,drama
19464,drama
19465,drama
19476,drama
19479,drama
19486,drama
19487,drama
19488,drama
19490,drama
19497,drama
19499,drama
19502,drama
19503,drama
19507,drama
19539,drama
19542,drama
19547,drama
19548,drama
19555,drama
19560,drama
19573,drama
19579,drama
19594,drama
19599,drama
19603,drama
19617,drama
19618,drama
19624,drama
19636,drama
19639,drama
19643,drama
19649,drama
19652,drama
19655,drama
19657,drama
19662,drama
19663,drama
19668,drama
19672,drama
19676,drama
19677,drama
19680,drama
19683,drama
19689,drama
19694,drama
19701,drama
19720,drama
19729,drama
19743,drama
19745,drama
19750,drama
19758,drama
19761,drama
19773,drama
19780,drama
19783,drama
19785,drama
19786,drama
19790,drama
19791,drama
19794,drama
19796,drama
19799,drama
19800,drama
19808,drama
19815,drama
19816,drama
19817,drama
19818,drama
19824,drama
19825,drama
19828,drama
19833,drama
19836,drama
19838,drama
19846,drama
19851,drama
19857,drama
19860,drama
19870,drama
19878,drama
19880,drama
19881,drama
19882,drama
19888,drama
19889,drama
19897,drama
19901,drama
19905,drama
19907,drama
19910,drama
19919,drama
19933,drama
19938,drama
19945,drama
19949,drama
19950,drama
19954,drama
19956,drama
19959,drama
19962,drama
19967,drama
19973,drama
19977,drama
19983,drama
19985,drama
19987,drama
19992,drama
19993,drama
19995,drama
19997,drama
20009,drama
20012,drama
20018,drama
20024,drama
20028,drama
20037,drama
20045,drama
20050,drama
20052,drama
20067,drama
20073,drama
20074,drama
20084,drama
20085,drama
20092,drama
20114,drama
20119,drama
20126,drama
20128,drama
20135,drama
20138,drama
20143,drama
20168,drama
20172,drama
20177,drama
20185,drama
20194,drama
20199,drama
20200,drama
20201,drama
20202,drama
20204,drama
20205,drama
20210,drama
20219,drama
20227,drama
20229,drama
20230,drama
20233,drama
20237,drama
20247,drama
20254,drama
20271,drama
20285,drama
20291,drama
20294,drama
20319,drama
20320,drama
20321,drama
20325,drama
20326,drama
20332,drama
20333,drama
20339,drama
20340,drama
20343,drama
20345,drama
20347,drama
20350,drama
20351,drama
20353,drama
20359,drama
20361,drama
20363,drama
20369,drama
20376,drama
20378,drama
20380,drama
20381,drama
20388,drama
20399,drama
20412,drama
20414,drama
20415,drama
20419,drama
20424,drama
20430,drama
20431,drama
20438,drama
20449,drama
20454,drama
20466,drama
20470,drama
20478,drama
20479,drama
20491,drama
20508,drama
20509,drama
20536,drama
20546,drama
20558,drama
20560,drama
20565,drama
20567,drama
20570,drama
20573,drama
20574,drama
20583,drama
20585,drama
20586,drama
20591,drama
20596,drama
20607,drama
20617,drama
20621,drama
20631,drama
20635,drama
20639,drama
20642,drama
20649,drama
20653,drama
20657,drama
20659,drama
20667,drama
20669,drama
20675,drama
20677,drama
20679,drama
20692,drama
20696,drama
20699,drama
20712,drama
20714,drama
20721,drama
20729,drama
20730,drama
20735,drama
20737,drama
20741,drama
20743,drama
20744,drama
20746,drama
20749,drama
20751,drama
20752,drama
20753,drama
20769,drama
20789,drama
20790,drama
20793,drama
20796,drama
20800,drama
20801,drama
20804,drama
20825,drama
20848,drama
20860,drama
20873,drama
20879,drama
20890,drama
20891,drama
20902,drama
20904,drama
20914,drama
20926,drama
20927,drama
20929,drama
20936,drama
20937,drama
20943,drama
20949,drama
20956,drama
20962,drama
20964,drama
20965,drama
20968,drama
20973,drama
20974,drama
20984,drama
20985,drama
20986,drama
20988,drama
20990,drama
20992,drama
21005,drama
21007,drama
21012,drama
21013,drama
21021,drama
21025,drama
21030,drama
21031,drama
21034,drama
21037,drama
21047,drama
21048,drama
21052,drama
21056,drama
21059,drama
21061,drama
21062,drama
21069,drama
21070,drama
21087,drama
21092,drama
21096,drama
21098,drama
21099,drama
21100,drama
21115,drama
21116,drama
21127,drama
21128,drama
21134,drama
21136,drama
21149,drama
21153,drama
21154,drama
21157,drama
21159,drama
21163,drama
21164,drama
21169,drama
21170,drama
21171,drama
21172,drama
21180,drama
21183,drama
21189,drama
21194,drama
21202,drama
21204,drama
21215,drama
21216,drama
21219,drama
21220,drama
21222,drama
21235,drama
21240,drama
21245,drama
21250,drama
21255,drama
21257,drama
21258,drama
21261,drama
21266,drama
21267,drama
21270,drama
21295,drama
21305,drama
21307,drama
21310,drama
21312,drama
21313,drama
21318,drama
21319,drama
21324,drama
21329,drama
21331,drama
21333,drama
21342,drama
21344,drama
21347,drama
21362,drama
21363,drama
21366,drama
21367,drama
21371,drama
21374,drama
21376,drama
21380,drama
21391,drama
21399,drama
21405,drama
21411,drama
21416,drama
21430,drama
21431,drama
21434,drama
21435,drama
21443,drama
21445,drama
21446,drama
21454,drama
21455,drama
21461,drama
21466,drama
21472,drama
21475,drama
21476,drama
21477,drama
21478,drama
21486,drama
21487,drama
21489,drama
21492,drama
21498,drama
21502,drama
21505,drama
21509,drama
21510,drama
21516,drama
21519,drama
21521,drama
21529,drama
21533,drama
21536,drama
21539,drama
21551,drama
21552,drama
21553,drama
21555,drama
21557,drama
21568,drama
21569,drama
21574,drama
21586,drama
21600,drama
21601,drama
21603,drama
21614,drama
21616,drama
21627,drama
21628,drama
21638,drama
21646,drama
21667,drama
21669,drama
21672,drama
21678,drama
21681,drama
21684,drama
21685,drama
21705,drama
21707,drama
21709,drama
21716,drama
21719,drama
21720,drama
21722,drama
21725,drama
21728,drama
21729,drama
21731,drama
21735,drama
21738,drama
21741,drama
21742,drama
21744,drama
21752,drama
21753,drama
21754,drama
21759,drama
21762,drama
21764,drama
21771,drama
21773,drama
21774,drama
21778,drama
21779,drama
21784,drama
21785,drama
21786,drama
21789,drama
21809,drama
21812,drama
21817,drama
21827,drama
21843,drama
21852,drama
21853,drama
21857,drama
21861,drama
21862,drama
21868,drama
21869,drama
21880,drama
21890,drama
21897,drama
21898,drama
21904,drama
21905,drama
21907,drama
21911,drama
21913,drama
21915,drama
21916,drama
21922,drama
21923,drama
21926,drama
21928,drama
21943,drama
21945,drama
21951,drama
21963,drama
21975,drama
21976,drama
21980,drama
21983,drama
21993,drama
22002,drama
22003,drama
22005,drama
22008,drama
22014,drama
22016,drama
22027,drama
22034,drama
22052,drama
22053,drama
22055,drama
22056,drama
22057,drama
22064,drama
22069,drama
22079,drama
22090,drama
22094,drama
22103,drama
22104,drama
22106,drama
22110,drama
22116,drama
22117,drama
22120,drama
22121,drama
22122,drama
22127,drama
22128,drama
22134,drama
22139,drama
22147,drama
22150,drama
22156,drama
22159,drama
22162,drama
22168,drama
22174,drama
22175,drama
22181,drama
22182,drama
22184,drama
22192,drama
22196,drama
22202,drama
22207,drama
22223,drama
22225,drama
22230,drama
22231,drama
22237,drama
22242,drama
22248,drama
22250,drama
22251,drama
22252,drama
22254,drama
22257,drama
22260,drama
22262,drama
22269,drama
22276,drama
22282,drama
22308,drama
22312,drama
22315,drama
22316,drama
22318,drama
22346,drama
22348,drama
22349,drama
22351,drama
22358,drama
22368,drama
22373,drama
22380,drama
22387,drama
22388,drama
22390,drama
22394,drama
22399,drama
22410,drama
22411,drama
22419,drama
22429,drama
22436,drama
22439,drama
22441,drama
22443,drama
22444,drama
22445,drama
22449,drama
22450,drama
22470,drama
22472,drama
22481,drama
22490,drama
22500,drama
22506,drama
22511,drama
22513,drama
22517,drama
22520,drama
22526,drama
22530,drama
22532,drama
22534,drama
22536,drama
22539,drama
22542,drama
22547,drama
22552,drama
22554,drama
22564,drama
22567,drama
22577,drama
22578,drama
22586,drama
22587,drama
22590,drama
22591,drama
22598,drama
22602,drama
22605,drama
22608,drama
22637,drama
22638,drama
22653,drama
22660,drama
22663,drama
22678,drama
22692,drama
22695,drama
22703,drama
22706,drama
22717,drama
22723,drama
22728,drama
22732,drama
22742,drama
22744,drama
22752,drama
22757,drama
22769,drama
22775,drama
22779,drama
22784,drama
22787,drama
22795,drama
22796,drama
22806,drama
22807,drama
22810,drama
22811,drama
22822,drama
22827,drama
22836,drama
22838,drama
22845,drama
22847,drama
22850,drama
22854,drama
22856,drama
22863,drama
22868,drama
22871,drama
22875,drama
22887,drama
22889,drama
22890,drama
22893,drama
22896,drama
22900,drama
22902,drama
22903,drama
22912,drama
22914,drama
22915,drama
22924,drama
22925,drama
22930,drama
22935,drama
22937,drama
22948,drama
22950,drama
22952,drama
22954,drama
22964,drama
22974,drama
22979,drama
22983,drama
22985,drama
22990,drama
22991,drama
22994,drama
22997,drama
23001,drama
23002,drama
23003,drama
23005,drama
23006,drama
23009,drama
23023,drama
23026,drama
23033,drama
23034,drama
23035,drama
23036,drama
23045,drama
23046,drama
23054,drama
23055,drama
23057,drama
23059,drama
23063,drama
23064,drama
23066,drama
23072,drama
23073,drama
23086,drama
23089,drama
23094,drama
23110,drama
23113,drama
23116,drama
23117,drama
23123,drama
23133,drama
23135,drama
23139,drama
23141,drama
23143,drama
23144,drama
23153,drama
23155,drama
23157,drama
23158,drama
23163,drama
23164,drama
23165,drama
23166,drama
23169,drama
23170,drama
23172,drama
23176,drama
23180,drama
23185,drama
23188,drama
23189,drama
23192,drama
23198,drama
23206,drama
23216,drama
23218,drama
23221,drama
23224,drama
23226,drama
23229,drama
23232,drama
23236,drama
23238,drama
23245,drama
23251,drama
23265,drama
23281,drama
23291,drama
23310,drama
23311,drama
23312,drama
23314,drama
23333,drama
23336,drama
23339,drama
23340,drama
23343,drama
23344,drama
23345,drama
23348,drama
23370,drama
23372,drama
23374,drama
23375,drama
23381,drama
23385,drama
23387,drama
23390,drama
23392,drama
23401,drama
23405,drama
23413,drama
23414,drama
23419,drama
23421,drama
23424,drama
23431,drama
23434,drama
23443,drama
23452,drama
23454,drama
23455,drama
23467,drama
23468,drama
23473,drama
23474,drama
23477,drama
23481,drama
23487,drama
23490,drama
23502,drama
23525,drama
23526,drama
23533,drama
23563,drama
23569,drama
23570,drama
23582,drama
23583,drama
23587,drama
23595,drama
23596,drama
23600,drama
23614,drama
23625,drama
23626,drama
23635,drama
23638,drama
23642,drama
23645,drama
23650,drama
23651,drama
23655,drama
23663,drama
23676,drama
23678,drama
23679,drama
23706,drama
23712,drama
23724,drama
23729,drama
23743,drama
23745,drama
23746,drama
23751,drama
23753,drama
23758,drama
23759,drama
23765,drama
23766,drama
23769,drama
23784,drama
23786,drama
23788,drama
23795,drama
23803,drama
23823,drama
23827,drama
23838,drama
23851,drama
23852,drama
23861,drama
23862,drama
23864,drama
23866,drama
23869,drama
23874,drama
23877,drama
23880,drama
23883,drama
23889,drama
23894,drama
23905,drama
23911,drama
23918,drama
23933,drama
23935,drama
23941,drama
23942,drama
23945,drama
23957,drama
23964,drama
23975,drama
23989,drama
23990,drama
23992,drama
24013,drama
24018,drama
24023,drama
24024,drama
24033,drama
24040,drama
24053,drama
24063,drama
24064,drama
24067,drama
24071,drama
24073,drama
24074,drama
24078,drama
24085,drama
24086,drama
24104,drama
24108,drama
24110,drama
24113,drama
24114,drama
24117,drama
24130,drama
24136,drama
24143,drama
24144,drama
24149,drama
24152,drama
24155,drama
24158,drama
24171,drama
24173,drama
24175,drama
24177,drama
24182,drama
24189,drama
24190,drama
24216,drama
24221,drama
24234,drama
24240,drama
24241,drama
24242,drama
24246,drama
24253,drama
24274,drama
24279,drama
24281,drama
24286,drama
24288,drama
24292,drama
24297,drama
24299,drama
24300,drama
24302,drama
24303,drama
24307,drama
24308,drama
24309,drama
24317,drama
24321,drama
24331,drama
24332,drama
24333,drama
24351,drama
24358,drama
24361,drama
24371,drama
24373,drama
24380,drama
24384,drama
24385,drama
24388,drama
24389,drama
24393,drama
24395,drama
24398,drama
24403,drama
24415,drama
24425,drama
24436,drama
24441,drama
24442,drama
24457,drama
24471,drama
24474,drama
24479,drama
24481,drama
24483,drama
24491,drama
24495,drama
24498,drama
24499,drama
24501,drama
24503,drama
24507,drama
24508,drama
24509,drama
24518,drama
24522,drama
24527,drama
24545,drama
24548,drama
24552,drama
24565,drama
24566,drama
24568,drama
24572,drama
24575,drama
24577,drama
24580,drama
24596,drama
24601,drama
24603,drama
24610,drama
24613,drama
24616,drama
24620,drama
24626,drama
24637,drama
24654,drama
24663,drama
24666,drama
24668,drama
24683,drama
24684,drama
24685,drama
24690,drama
24694,drama
24700,drama
24706,drama
24708,drama
24712,drama
24715,drama
24723,drama
24747,drama
24749,drama
24751,drama
24753,drama
24756,drama
24764,drama
24767,drama
24769,drama
24771,drama
24773,drama
24777,drama
24779,drama
24783,drama
24797,drama
24801,drama
24808,drama
24815,drama
24824,drama
24825,drama
24829,drama
24833,drama
24842,drama
24846,drama
24849,drama
24854,drama
24857,drama
24858,drama
24860,drama
24864,drama
24866,drama
24867,drama
24869,drama
24875,drama
24876,drama
24881,drama
24886,drama
24889,drama
24894,drama
24897,drama
24901,drama
24905,drama
24906,drama
24908,drama
24917,drama
24937,drama
24943,drama
24946,drama
24954,drama
24957,drama
24962,drama
24964,drama
24967,drama
24971,drama
24974,drama
24977,drama
24982,drama
24983,drama
24999,drama
25004,drama
25013,drama
25016,drama
25017,drama
25022,drama
25023,drama
25030,drama
25031,drama
25033,drama
25035,drama
25036,drama
25042,drama
25048,drama
25050,drama
25053,drama
25056,drama
25058,drama
25059,drama
25062,drama
25066,drama
25071,drama
25093,drama
25104,drama
25111,drama
25117,drama
25119,drama
25123,drama
25125,drama
25126,drama
25130,drama
25134,drama
25136,drama
25137,drama
25138,drama
25140,drama
25145,drama
25165,drama
25166,drama
25172,drama
25179,drama
25182,drama
25186,drama
25190,drama
25196,drama
25208,drama
25213,drama
25221,drama
25222,drama
25223,drama
25225,drama
25227,drama
25232,drama
25235,drama
25244,drama
25252,drama
25255,drama
25265,drama
25268,drama
25269,drama
25286,drama
25290,drama
25298,drama
25302,drama
25307,drama
25324,drama
25325,drama
25332,drama
25334,drama
25337,drama
25338,drama
25340,drama
25342,drama
25354,drama
25355,drama
25358,drama
25359,drama
25367,drama
25373,drama
25380,drama
25386,drama
25387,drama
25397,drama
25403,drama
25408,drama
25415,drama
25420,drama
25423,drama
25427,drama
25428,drama
25429,drama
25434,drama
25439,drama
25456,drama
25458,drama
25461,drama
25466,drama
25469,drama
25481,drama
25482,drama
25488,drama
25498,drama
25506,drama
25511,drama
25524,drama
25526,drama
25530,drama
25538,drama
25542,drama
25546,drama
25550,drama
25564,drama
25574,drama
25575,drama
25577,drama
25580,drama
25581,drama
25586,drama
25602,drama
25609,drama
25618,drama
25639,drama
25642,drama
25643,drama
25645,drama
25659,drama
25662,drama
25664,drama
25665,drama
25667,drama
25669,drama
25680,drama
25681,drama
25685,drama
25700,drama
25706,drama
25709,drama
25710,drama
25711,drama
25713,drama
25724,drama
25726,drama
25731,drama
25735,drama
25742,drama
25746,drama
25748,drama
25756,drama
25757,drama
25759,drama
25766,drama
25768,drama
25770,drama
25775,drama
25776,drama
25778,drama
25779,drama
25782,drama
25787,drama
25792,drama
25794,drama
25799,drama
25803,drama
25805,drama
25809,drama
25817,drama
25821,drama
25822,drama
25837,drama
25846,drama
25847,drama
25850,drama
25851,drama
25857,drama
25863,drama
25866,drama
25878,drama
25879,drama
25888,drama
25902,drama
25905,drama
25911,drama
25917,drama
25919,drama
25920,drama
25925,drama
25927,drama
25932,drama
25933,drama
25936,drama
25938,drama
25939,drama
25940,drama
25943,drama
25945,drama
25948,drama
25963,drama
25965,drama
25974,drama
25978,drama
25980,drama
25982,drama
25995,drama
25999,drama
26011,drama
26013,drama
26014,drama
26016,drama
26017,drama
26023,drama
26024,drama
26034,drama
26037,drama
26060,drama
26070,drama
26075,drama
26090,drama
26106,drama
26107,drama
26112,drama
26113,drama
26130,drama
26131,drama
26142,drama
26144,drama
26145,drama
26150,drama
26151,drama
26159,drama
26173,drama
26182,drama
26183,drama
26189,drama
26190,drama
26192,drama
26197,drama
26201,drama
26212,drama
26218,drama
26220,drama
26233,drama
26241,drama
26242,drama
26264,drama
26267,drama
26280,drama
26282,drama
26283,drama
26292,drama
26294,drama
26305,drama
26309,drama
26311,drama
26317,drama
26322,drama
26323,drama
26329,drama
26337,drama
26342,drama
26343,drama
26344,drama
26354,drama
26359,drama
26361,drama
26370,drama
26380,drama
26385,drama
26389,drama
26394,drama
26399,drama
26402,drama
26405,drama
26407,drama
26408,drama
26409,drama
26412,drama
26416,drama
26418,drama
26434,drama
26440,drama
26446,drama
26451,drama
26462,drama
26464,drama
26471,drama
26482,drama
26484,drama
26485,drama
26489,drama
26490,drama
26497,drama
26498,drama
26501,drama
26503,drama
26504,drama
26507,drama
26509,drama
26510,drama
26515,drama
26523,drama
26525,drama
26536,drama
26538,drama
26540,drama
26545,drama
26546,drama
26553,drama
26556,drama
26566,drama
26568,drama
26570,drama
26572,drama
26585,drama
26589,drama
26595,drama
26596,drama
26600,drama
26613,drama
26621,drama
26641,drama
26645,drama
26654,drama
26657,drama
26660,drama
26667,drama
26671,drama
26672,drama
26674,drama
26694,drama
26700,drama
26705,drama
26706,drama
26709,drama
26711,drama
26718,drama
26720,drama
26726,drama
26729,drama
26730,drama
26735,drama
26737,drama
26739,drama
26747,drama
26749,drama
26751,drama
26753,drama
26755,drama
26756,drama
26760,drama
26761,drama
26766,drama
26769,drama
26771,drama
26775,drama
26776,drama
26791,drama
26794,drama
26799,drama
26800,drama
26803,drama
26808,drama
26814,drama
26825,drama
26827,drama
26830,drama
26832,drama
26834,drama
26846,drama
26852,drama
26853,drama
26873,drama
26888,drama
26891,drama
26896,drama
26904,drama
26922,drama
26925,drama
26926,drama
26953,drama
26961,drama
26964,drama
26968,drama
26969,drama
26977,drama
26978,drama
26982,drama
26987,drama
26990,drama
27005,drama
27008,drama
27011,drama
27012,drama
27013,drama
27014,drama
27016,drama
27024,drama
27036,drama
27041,drama
27043,drama
27045,drama
27050,drama
27056,drama
27059,drama
27060,drama
27064,drama
27076,drama
27083,drama
27096,drama
27097,drama
27101,drama
27103,drama
27105,drama
27124,drama
27135,drama
27138,drama
27145,drama
27152,drama
27174,drama
27176,drama
27198,drama
27200,drama
27204,drama
27207,drama
27209,drama
27219,drama
27222,drama
27228,drama
27234,drama
27236,drama
27255,drama
27263,drama
27271,drama
27275,drama
27282,drama
27286,drama
27292,drama
27293,drama
27299,drama
27303,drama
27314,drama
27316,drama
27326,drama
27329,drama
27330,drama
27332,drama
27334,drama
27343,drama
27346,drama
27353,drama
27360,drama
27370,drama
27375,drama
27377,drama
27380,drama
27385,drama
27392,drama
27408,drama
27413,drama
27423,drama
27425,drama
27427,drama
27428,drama
27429,drama
27431,drama
27432,drama
27435,drama
27438,drama
27439,drama
27442,drama
27447,drama
27463,drama
27471,drama
27475,drama
27480,drama
27497,drama
27503,drama
27504,drama
27505,drama
27516,drama
27518,drama
27527,drama
27528,drama
27536,drama
27546,drama
27549,drama
27556,drama
27562,drama
27563,drama
27564,drama
27571,drama
27580,drama
27581,drama
27584,drama
27589,drama
27593,drama
27594,drama
27601,drama
27606,drama
27609,drama
27610,drama
27616,drama
27619,drama
27620,drama
27621,drama
27627,drama
27638,drama
27641,drama
27643,drama
27651,drama
27652,drama
27659,drama
27662,drama
27668,drama
27672,drama
27678,drama
27679,drama
27682,drama
27690,drama
27693,drama
27699,drama
27700,drama
27703,drama
27712,drama
27717,drama
27728,drama
27729,drama
27731,drama
27735,drama
27736,drama
27737,drama
27738,drama
27748,drama
27761,drama
27764,drama
27779,drama
27782,drama
27790,drama
27808,drama
27815,drama
27820,drama
27825,drama
27830,drama
27834,drama
27838,drama
27844,drama
27845,drama
27850,drama
27855,drama
27857,drama
27858,drama
27866,drama
27868,drama
27877,drama
27889,drama
27893,drama
27895,drama
27896,drama
27898,drama
27900,drama
27909,drama
27911,drama
27917,drama
27920,drama
27923,drama
27942,drama
27944,drama
27949,drama
27953,drama
27955,drama
27956,drama
27963,drama
27969,drama
27978,drama
27980,drama
27984,drama
27986,drama
27987,drama
27998,drama
27999,drama
28000,drama
28007,drama
28009,drama
28010,drama
28011,drama
28033,drama
28034,drama
28036,drama
28044,drama
28045,drama
28055,drama
28058,drama
28075,drama
28080,drama
28083,drama
28085,drama
28091,drama
28095,drama
28114,drama
28121,drama
28135,drama
28137,drama
28138,drama
28140,drama
28142,drama
28154,drama
28164,drama
28167,drama
